{"cameraMode":{"drawMode":0,"name":"Shaded","section":"Shading Mode"},"sceneLighting":false,"audioPlay":false,"sceneViewState":{"showFog":true,"showMaterialUpdate":false,"showSkybox":false,"showFlares":true,"showImageEffects":true,"showParticleSystems":true,"showVisualEffectGraphs":true,"m_FxEnabled":true},"in2DMode":false,"pivot":{"x":0.4045712947845459,"y":0.11593246459960938,"z":1.0755422115325928},"rotation":{"x":0.29966601729393008,"y":0.22668762505054475,"z":-0.07430039346218109,"w":0.9239148497581482},"size":4.808396816253662,"orthographic":false}