{"cameraMode":{"drawMode":0,"name":"Shaded","section":"Shading Mode"},"sceneLighting":false,"audioPlay":false,"sceneViewState":{"showFog":true,"showMaterialUpdate":false,"showSkybox":false,"showFlares":true,"showImageEffects":true,"showParticleSystems":true,"showVisualEffectGraphs":true,"m_FxEnabled":true},"in2DMode":false,"pivot":{"x":-0.0005846526473760605,"y":2.1060104370117189,"z":-0.7493385076522827},"rotation":{"x":-0.19239312410354615,"y":0.24631276726722718,"z":-0.04916417971253395,"w":-0.9491052031517029},"size":0.04928787797689438,"orthographic":false}