{"cameraMode":{"drawMode":0,"name":"Shaded","section":"Shading Mode"},"sceneLighting":true,"audioPlay":false,"sceneViewState":{"showFog":true,"showMaterialUpdate":false,"showSkybox":true,"showFlares":true,"showImageEffects":true,"showParticleSystems":true,"showVisualEffectGraphs":true,"m_FxEnabled":true},"in2DMode":false,"pivot":{"x":0.030000004917383195,"y":-0.009999997913837433,"z":0.019999999552965165},"rotation":{"x":0.26432985067367556,"y":-0.3317365348339081,"z":0.09689853340387345,"w":0.9006857872009277},"size":6.943775653839111,"orthographic":false}