{"cameraMode":{"drawMode":0,"name":"Shaded","section":"Shading Mode"},"sceneLighting":true,"audioPlay":false,"sceneViewState":{"showFog":true,"showMaterialUpdate":false,"showSkybox":true,"showFlares":true,"showImageEffects":true,"showParticleSystems":true,"showVisualEffectGraphs":true,"m_FxEnabled":true},"in2DMode":false,"pivot":{"x":0.7942975163459778,"y":1.3054347038269044,"z":0.7874810695648193},"rotation":{"x":-0.26847514510154726,"y":-0.0008698747842572629,"z":0.0002423784462735057,"w":-0.9632870554924011},"size":4.070802211761475,"orthographic":false}