{"cameraMode":{"drawMode":0,"name":"Shaded","section":"Shading Mode"},"sceneLighting":false,"audioPlay":false,"sceneViewState":{"showFog":true,"showMaterialUpdate":false,"showSkybox":false,"showFlares":true,"showImageEffects":true,"showParticleSystems":true,"showVisualEffectGraphs":true,"m_FxEnabled":true},"in2DMode":false,"pivot":{"x":-0.004779443144798279,"y":2.0963757038116457,"z":-1.019115924835205},"rotation":{"x":0.1584566831588745,"y":0.04661523178219795,"z":-0.008196008391678334,"w":0.986396312713623},"size":-0.3006720542907715,"orthographic":false}