{"cameraMode":{"drawMode":0,"name":"Shaded","section":"Shading Mode"},"sceneLighting":false,"audioPlay":false,"sceneViewState":{"showFog":true,"showMaterialUpdate":false,"showSkybox":false,"showFlares":true,"showImageEffects":true,"showParticleSystems":true,"showVisualEffectGraphs":true,"m_FxEnabled":true},"in2DMode":false,"pivot":{"x":-0.04586045816540718,"y":0.4511357545852661,"z":0.008193492889404297},"rotation":{"x":-0.029249345883727075,"y":0.42821264266967776,"z":-0.012571834959089756,"w":-0.9033750891685486},"size":0.5037750005722046,"orthographic":false}